{"main":{"language":"en","lastHostname":"duet3","darkTheme":true,"useBinaryPrefix":true,"disableAutoComplete":false,"settingsStorageLocal":false,"settingsSaveDelay":2000,"cacheStorageLocal":true,"cacheSaveDelay":4000,"notifications":{"errorsPersistent":true,"timeout":5000},"webcam":{"url":"","updateInterval":5000,"liveUrl":"","useFix":false,"embedded":false,"rotation":0,"flip":"none"},"enabledPlugins":["Height Map"],"plugins":{}},"machine":{"ajaxRetries":2,"updateInterval":250,"extendedUpdateEvery":20,"fileTransferRetryThreshold":358400,"crcUploads":true,"pingInterval":2000,"updateDelay":0,"babystepAmount":0.05,"codes":["G00 Z-1.0","G1 H1 Z10","G1 H1 Z100","G1 H1 Z20","G1 H1 Z200","G1 Z-1.0","G30 S-1","G90","G91","G91 G1 Z-1","M0","M1","M105","M122","M302 P1","M303 T0 S220","M561","M563 P0 D0","M564 H0","M564 S0","M84","M98 P\"beltloosen.g\"","T0 G1 E10 F60","T0 P0","Z-10","Z-10.0","beltloosen.g","g1 e1 f0.1","g1 e10 f0.1","g1 e10 f0.2","g1 e10 f0.5","g1 e10 f1","g1 h1 x-400","g1 h1 x100","g1 h1 y-600","g1 h1 y600","g1 h2 x100","g1 x100","g1 x100 f1000","g1 x100 f20000","g1 x100 f25000","g1 x100 y700 f20000","g1 x1000 f20000","g1 x1000 f23000","g1 x1000 f25000","g1 x1000 y200 f20000","g1 x10000 f25000","g1 x1800","g1 x200 f5000","g1 x500 f10000","g1 x600 f20000","g1 y200 f20000","g1 z100 f1000","g1 z200 f2000","g1 z5 f100","g28","g29","g30 s-1","g90 g0 x100 y100","g90 g0 x1100","g90 g0 x1200","g90 g0 x1550","g90 g0 x200 y200","g90 g0 x2000","g90 g0 x400","g90 g0 x50","g90 g0 x600","g90 g0 y500","g90 g0 y600","g90 g0 y800","g90 g0 y900","g90 g1 x200","g91","g91 g0 x+100","g91 g1 x+10 f300","g91 g1 x+10 f3000","g91 g1 x+10 f360","g91 g1 x+10 f720","g91 g1 x+100 f1440","g91 g1 x+100 f20000","g91 g1 x+100 f3000","g91 g1 x+100 f30000","g91 g1 x+200 f40000","g91 g1 x+250 y-250","g91 g1 x-100 f10000","g91 g1 x-100 f12000","g91 g1 x-100 f6000","g91 g1 x-200 f40000","g91 g1 x1000","g91 g1 x1500","g91 g1 x400","g91 g1 y-1","g91 g1 y-150","g91 g1 y-300","g91 g1 y-500","g91 g1 z+100","g91 g1 z+400","g91 g1 z-0.05","g91 g1 z-0.2","g91 g1 z-1","g91 g1 z-15","g91 g1 z-22","g91 g1 z-5","g91 g1 z100","g91 g1 z25","g91 g1 z5","g92 z0","g92 z10","m105","m106 s0","m106 s0.5","m106 s1","m106 s1.0","m106 s255","m115","m303 h0 s55","m303 h8 s240","m303 h8 s250","m561","m564 h0","m98 p\"beltloosen.g\"","t0 p0"],"displayedExtraTemperatures":[],"displayedExtruders":[0,1],"displayedFans":[-1,0,1,2],"moveSteps":{"X":[100,50,10,1,0.1],"Y":[100,50,10,1,0.1],"Z":[50,25,5,0.5,0.05],"default":[100,50,10,1,0.1]},"moveFeedrate":6000,"extruderAmounts":[100,50,20,10,5,1],"extruderFeedrates":[60,30,15,5,1],"temperatures":{"tool":{"active":[250,235,220,205,195,160,120,100,0],"standby":[210,180,160,140,0]},"bed":{"active":[110,100,90,70,65,60,0],"standby":[40,30,0]},"chamber":[90,80,70,60,50,40,0]},"spindleRPM":[10000,75000,5000,2500,1000,0],"enabledPlugins":[],"plugins":{}}}